{
  "Actor": {
    "types": ["character", "npc"],
    "templates": {
      "common": {
        "attributes": {
          "agility": {
            "die": {
              "sides": 4,
              "modifier": 0
            },
            "wild-die": {
              "sides": 6
            }
          },
          "smarts": {
            "die": {
              "sides": 4,
              "modifier": 0
            },
            "wild-die": {
              "sides": 6
            }
          },
          "spirit": {
            "die": {
              "sides": 4,
              "modifier": 0
            },
            "wild-die": {
              "sides": 6
            }
          },
          "strength": {
            "die": {
              "sides": 4,
              "modifier": 0
            },
            "wild-die": {
              "sides": 6
            }
          },
          "vigor": {
            "die": {
              "sides": 4,
              "modifier": 0
            },
            "wild-die": {
              "sides": 6
            }
          }
        },
        "stats": {
          "speed": {
            "sprintDie": "1d6",
            "value": 6
          },
          "toughness": {
            "value": 0,
            "armor": 0,
            "modifier": 0
          },
          "parry": {
            "value": 0,
            "modifier": 0
          },
          "size": 0
        },
        "details": {
          "biography": {
            "value": ""
          },
          "species": {
            "name": ""
          },
          "currency": 500
        },
        "powerPoints": {
          "value": 0,
          "min": 0,
          "max": 0
        },
        "fatigue": {
          "value": 0,
          "min": 0,
          "max": 2
        },
        "wounds": {
          "value": 0,
          "min": 0,
          "max": 3,
          "ignored": 0
        },
        "advances": {
          "value": 0,
          "rank": "Novice"
        },
        "bennies": {
          "value": 3,
          "min": 0,
          "max": 3
        },
        "owned": {
          "gear": [],
          "weapons": [],
          "armors": [],
          "shields": [],
          "edges": [],
          "hindrances": [],
          "skills": [],
          "powers": [],
          "inventory": []
        },
        "status": {
          "isShaken": false,
          "isDistracted": false,
          "isVulnerable": false
        },
        "initiative": {
          "hasHesitant": false,
          "hasLevelHeaded": false,
          "hasImpLevelHeaded": false
        }
      }
    },
    "character": {
      "templates": ["common"],
      "wildcard": true
    },
    "npc": {
      "templates": ["common"],
      "wildcard": false
    }
  },
  "Item": {
    "types": [
      "weapon",
      "armor",
      "shield",
      "gear",
      "edge",
      "hindrance",
      "skill",
      "power"
    ],
    "templates": {
      "itemDescription": {
        "description": "",
        "notes": ""
      },
      "physicalItem": {
        "quantity": 1,
        "weight": 0,
        "price": 0
      },
      "equipable": {
        "equippable": true,
        "equipped": false
      }
    },
    "gear": {
      "templates": ["itemDescription", "physicalItem", "equipable"]
    },
    "weapon": {
      "templates": ["itemDescription", "physicalItem", "equipable"],
      "damage": "",
      "range": "",
      "rof": 0,
      "ap": 0,
      "minStr": "",
      "shots": 0
    },
    "armor": {
      "templates": ["itemDescription", "physicalItem", "equipable"],
      "minStr": "",
      "armor": 0
    },
    "shield": {
      "templates": ["itemDescription", "physicalItem", "equipable"],
      "minStr": "",
      "parry": 0,
      "cover": 0
    },
    "edge": {
      "templates": ["itemDescription"],
      "isArcaneBackground": false,
      "requirements": {
        "value": ""
      }
    },
    "hindrance": {
      "templates": ["itemDescription"],
      "major": false
    },
    "power": {
      "templates": ["itemDescription"],
      "rank": "",
      "pp": 0,
      "damage": "",
      "range": "",
      "duration": "",
      "trapping": "",
      "modifiers": []
    },
    "skill": {
      "templates": ["itemDescription"],
      "attribute": "",
      "die": {
        "sides": 4,
        "modifier": "0"
      },
      "wild-die": {
        "sides": 6
      }
    }
  }
}
