{
  "name": "swade",
  "title": "Savage Worlds Adventure Edition",
  "description": "A basic gamesystem for running Savage Worlds Adventure Edition games",
  "version": "0.2.0",
  "minimumCoreVersion": "0.4.5",
  "author": "FloRad",
  "templateVersion": 2,
  "esmodules": ["swade.js"],
  "styles": ["swade.css"],
  "packs": [],
  "languages": [],
  "socket": true,
  "gridDistance": 1,
  "gridUnits": "in",
  "url": "https://gitlab.com/florad-foundry/swade",
  "manifest": "https://gitlab.com/florad-foundry/swade/-/raw/master/src/system.json",
  "download": "https://gitlab.com/florad-foundry/swade/-/raw/v0.2.0/package/swade-v0.2.0.zip"
}