{
  "Actor": {
    "types": ["wildcard", "extra"],
    "templates": {
      "common": {
        "attributes": {
          "agility": {
            "die": "1d4"
          },
          "smarts": {
            "die": "1d4"
          },
          "spirit": {
            "die": "1d4"
          },
          "strength": {
            "die": "1d4"
          },
          "vigor": {
            "die": "1d4"
          }
        },
        "stats": {
          "speed": {
            "sprintDie": "1d6",
            "value": 6
          },
          "toughness": {
            "value": 0
          }
        },
        "details": {
          "biography": {
            "value": "",
            "public": ""
          },
          "species": "",
          "currency": 500
        },
        "powerPoints": {
          "value": 0,
          "min": 0,
          "max": 0
        }
      }
    },
    "wildcard": {
      "templates": ["common"],
      "attributes": {
        "agility": {
          "wild-die": "1d6"
        },
        "smarts": {
          "wild-die": "1d6"
        },
        "spirit": {
          "wild-die": "1d6"
        },
        "strength": {
          "wild-die": "1d6"
        },
        "vigor": {
          "wild-die": "1d6"
        }
      },
      "wounds": {
        "value": 0,
        "min": 0,
        "max": 3
      },
      "fatigue": {
        "value": 0,
        "min": 0,
        "max": 2
      },
      "xp": {
        "value": 0,
        "rank": "Novice"
      },
      "bennies": {
        "value": 0,
        "min": 0
      }
    },
    "extra": {
      "templates": ["common"]
    }
  },
  "Item": {
    "types": [
      "weapon",
      "armor",
      "shield",
      "gear",
      "edge",
      "hindrance",
      "skill",
      "power"
    ],
    "templates": {
      "itemDescription": {
        "description": "",
        "notes": ""
      },
      "physicalItem": {
        "quantity": 1,
        "weight": 0,
        "price": 0
      },
      "equipable": {
        "equippable": true,
        "equipped": false
      }
    },
    "gear": {
      "templates": ["itemDescription", "physicalItem"]
    },
    "weapon": {
      "templates": ["itemDescription", "physicalItem", "equipable"],
      "damage": "",
      "range": "",
      "rof": 0,
      "ap": 0,
      "minStr": "",
      "shots": 0
    },
    "armor": {
      "templates": ["itemDescription", "physicalItem", "equipable"],
      "minStr": "",
      "armor": 0
    },
    "shield": {
      "templates": ["itemDescription", "physicalItem", "equipable"],
      "minStr": "",
      "parry": 0,
      "cover": 0
    },
    "edge": {
      "templates": ["itemDescription"],
      "isArcaneBackground": false,
      "requirements": {
        "value": ""
      }
    },
    "hindrance": {
      "templates": ["itemDescription"],
      "major": false
    },
    "power": {
      "templates": ["itemDescription"],
      "rank": "",
      "pp": 0,
      "range": "",
      "duration": "",
      "trapping": "",
      "modifiers": []
    },
    "skill": {
      "templates": ["itemDescription"],
      "attribute": "",
      "die": "1d4",
      "wild-die": "1d6"
    }
  }
}
