{
  "name": "swade",
  "type": "system",
  "title": "Savage Worlds Adventure Edition",
  "description": "Published by <a href=\"https://peginc.com\">Pinnacle Entertainment Group, Inc.</a></p><p>A comprehensive game system for running <cite><em>Savage Worlds Adventure Edition<em></cite>.<br><p>Any time. Any place. <em>Savage Worlds</em>.</p>",
  "version": "0.15.0",
  "minimumCoreVersion": "0.7.5",
  "compatibleCoreVersion": "0.7.8",
  "author": "FloRad",
  "esmodules": ["swade.js"],
  "styles": ["swade.css"],
  "packs": [
    {
      "name": "skills",
      "label": "Skills",
      "system": "swade",
      "path": "./packs/skills.db",
      "entity": "Item"
    },
    {
      "name": "edges",
      "label": "Edges",
      "system": "swade",
      "path": "./packs/edges.db",
      "entity": "Item"
    },
    {
      "name": "hindrances",
      "label": "Hindrances",
      "system": "swade",
      "path": "./packs/hindrances.db",
      "entity": "Item"
    },
    {
      "name": "action-cards",
      "label": "Action Cards",
      "system": "swade",
      "path": "./packs/action-cards.db",
      "entity": "JournalEntry"
    }
  ],
  "languages": [
    {
      "lang": "en",
      "name": "English",
      "path": "lang/en.json"
    },
    {
      "lang": "de",
      "name": "Deutsch",
      "path": "lang/de.json"
    },
    {
      "lang": "pl",
      "name": "Polski",
      "path": "lang/pl.json"
    }
  ],
  "socket": true,
  "gridDistance": 1,
  "gridUnits": "in",
  "url": "https://gitlab.com/peginc/savage-worlds-adventure-edition",
  "manifest": "https://gitlab.com/peginc/savage-worlds-adventure-edition/-/raw/master/system.json",
  "download": "https://gitlab.com/peginc/savage-worlds-adventure-edition/-/raw/v0.15.0/swade-v0.15.0.zip"
}
