{
	"name": "swade",
	"type": "system",
	"title": "Savage Worlds Adventure Edition",
	"description": "A comprehensive gamesystem for running Savage Worlds Adventure Edition games",
	"version": "0.12.0",
	"minimumCoreVersion": "0.6.0",
	"compatibleCoreVersion": "0.6.6",
	"author": "FloRad",
	"esmodules": ["swade.js"],
	"styles": ["swade.css"],
	"packs": [
		{
			"name": "skills",
			"label": "Skills",
			"system": "swade",
			"path": "./packs/skills.db",
			"entity": "Item"
		},
		{
			"name": "edges",
			"label": "Edges",
			"system": "swade",
			"path": "./packs/edges.db",
			"entity": "Item"
		},
		{
			"name": "hindrances",
			"label": "Hindrances",
			"system": "swade",
			"path": "./packs/hindrances.db",
			"entity": "Item"
		},
		{
			"name": "action-cards",
			"label": "Action Cards",
			"system": "swade",
			"path": "./packs/action-cards.db",
			"entity": "JournalEntry"
		}
	],
	"languages": [
		{
			"lang": "en",
			"name": "English",
			"path": "lang/en.json"
		},
		{
			"lang": "es",
			"name": "Spanish",
			"path": "lang/es.json"
		},
		{
			"lang": "de",
			"name": "Deutsch",
			"path": "lang/de.json"
		},
		{
			"lang": "pl",
			"name": "Polski",
			"path": "lang/pl.json"
		}
	],
	"socket": true,
	"gridDistance": 1,
	"gridUnits": "in",
	"url": "https://gitlab.com/florad-foundry/swade",
	"manifest": "https://gitlab.com/florad-foundry/swade/-/raw/master/src/system.json",
	"download": "https://gitlab.com/florad-foundry/swade/-/raw/v0.12.0/package/swade-v0.12.0.zip"
}